analytetranslation_original,analytetranslation_paper02
3G124-GSGS-ubox+GS-eGFP,GS-eGFP+DP6-bioPROTAC
3G124-GSGS-ubox_R272A+GS-eGFP,GS-eGFP+DP6-bioPROTAC_R272A
1178_GS-eGFP_mut_2lys,GS-eGFP_mut1
1174_GS-eGFP_mut_2lys+3G124-Ubox,GS-eGFP_mut1+DP6-bioPROTAC
1188_GS-eGFP_mut_2lys+3G124-GSGS-ubox_R272A,GS-eGFP_mut1+DP6-bioPROTAC_R272A
1179_GS-eGFP_mut_3lys_n,GS-eGFP_mut2
1175_GS-eGFP_mut_3lys_n+3G124-Ubox,GS-eGFP_mut2+DP6-bioPROTAC
1189_GS-eGFP_mut_3lys_n+3G124-GSGS-ubox_R272A,GS-eGFP_mut2+DP6-bioPROTAC_R272A
1180_GS-eGFP_mut_3lys_c,GS-eGFP_mut3
1176_GS-eGFP_mut_3lys_c+3G124-Ubox,GS-eGFP_mut3+DP6-bioPROTAC
1190_GS-eGFP_mut_3lys_c+3G124-GSGS-ubox_R272A,GS-eGFP_mut3+DP6-bioPROTAC_R272A
1181_GS-eGFP_mut_4lys,GS-eGFP_mut4
1177_GS-eGFP_mut_4lys+3G124-Ubox,GS-eGFP_mut4+DP6-bioPROTAC
1191_GS-eGFP_mut_4lys+3G124-GSGS-ubox_R272A,GS-eGFP_mut4+DP6-bioPROTAC_R272A
3G190.24+GS-eGFP,DP1+GS-eGFP
2G156+GS-eGFP,DP2+GS-eGFP
3G86.32_sele+GS-eGFP,DP3+GS-eGFP
2G71+GS-eGFP,DP4+GS-eGFP
3G168_sele+GS-eGFP,DP5+GS-eGFP
3G124+GS-eGFP,DP6+GS-eGFP
3G146_sele+GS-eGFP,DP7+GS-eGFP
3G86.1_sele+GS-eGFP,DP8+GS-eGFP
3G61_sele+GS-eGFP,DP9+GS-eGFP
3G124_lysfree+GS-eGFP,DP6_lysfree+GS-eGFP
3G190.24-G4S-G3-C-TMR+GS-eGFP,DP1*+GS-eGFP
2G156-G4S-G3-C-TMR+GS-eGFP,DP2*+GS-eGFP
3G86.32_sele-G4S-G3-C_C59Y-TMR+GS-eGFP,DP3*+GS-eGFP
2G71-G4S-G3-C-TMR+GS-eGFP,DP4*+GS-eGFP
3G168_sele-G4S-G3-C_C59Y-TMR+GS-eGFP,DP5*+GS-eGFP
3G124-G4S-G3-C-TMR5+GS-eGFP,DP6*+GS-eGFP
3G146_sele-G4S-G3-C-TMR+GS-eGFP,DP7*+GS-eGFP
3G86.1_sele-G4S-G3-C_C59Y-TMR+GS-eGFP,DP8*+GS-eGFP
3G61_sele-G4S-G3-C-TMR+GS-eGFP,DP9*+GS-eGFP
3G124_W112A-G4S-G3-C-TMR+GS-eGFP,DP6_W112A*+GS-eGFP
3G124_L8A_L24A-G4S-G3-C-TMR+GS-eGFP,DP6_dest*+GS-eGFP
3G124_lysfree-G4S-G3-C-TMR5+GS-eGFP,DP6_lysfree*+GS-eGFP
3G190.24-G4S-G3-C-TMR,DP1*
2G156-G4S-G3-C-TMR,DP2*
3G86.32_sele-G4S-G3-C_C59Y-TMR,DP3*
2G71-G4S-G3-C-TMR,DP4*
3G168_sele-G4S-G3-C_C59Y-TMR,DP5*
3G124-G4S-G3-C-TMR5,DP6*
3G146_sele-G4S-G3-C-TMR,DP7*
3G86.1_sele-G4S-G3-C_C59Y-TMR,DP8*
3G61_sele-G4S-G3-C-TMR,DP9*
3G124_W112A-G4S-G3-C-TMR,DP6_W112A*
3G124_L8A_L24A-G4S-G3-C-TMR,DP6_dest*
3G124_lysfree-G4S-G3-C-TMR5,DP6_lysfree*
1130_3G61mut1-G4S-G3-C-TMR,DP947R*
3G124_lysfree_R6K-G4S-G3-C-TMR,DP6_lysfree_R6K*
3G124_lysfree_M7K-G4S-G3-C-TMR,DP6_lysfree_M7K*
3G124_lysfree_R58K-G4S-G3-C-TMR,DP6_lysfree_R58K*
3G124_lysfree_R91K-G4S-G3-C-TMR,DP6_lysfree_R91K*
3G124_lysfree_R124K-G4S-G3-C-TMR,DP6_lysfree_R124K*
3G124_lysfree_R134K-G4S-G3-C-TMR,DP6_lysfree_R134K*
3G124_lysfree_H137K-G4S-G3-C-TMR,DP6_lysfree_H137K*
3G124_lysfree_R6K-G4S-G3-C-TMR+GS-eGFP,DP6_lysfree_R6K*+GS-eGFP
3G124_lysfree_M7K-G4S-G3-C-TMR+GS-eGFP,DP6_lysfree_M7K*+GS-eGFP
3G124_lysfree_R58K-G4S-G3-C-TMR+GS-eGFP,DP6_lysfree_R58K*+GS-eGFP
3G124_lysfree_R91K-G4S-G3-C-TMR+GS-eGFP,DP6_lysfree_R91K*+GS-eGFP
3G124_lysfree_R124K-G4S-G3-C-TMR+GS-eGFP,DP6_lysfree_R124K*+GS-eGFP
3G124_lysfree_R134K-G4S-G3-C-TMR+GS-eGFP,DP6_lysfree_R134K*+GS-eGFP
3G124_lysfree_H137K-G4S-G3-C-TMR+GS-eGFP,DP6_lysfree_H137K*+GS-eGFP
3G124_lysfree_R6K+GS-eGFP,DP6_lysfree_R6K+GS-eGFP
3G124_lysfree_M7K+GS-eGFP,DP6_lysfree_M7K+GS-eGFP
3G124_lysfree_R58K+GS-eGFP,DP6_lysfree_R58K+GS-eGFP
3G124_lysfree_R91K+GS-eGFP,DP6_lysfree_R91K+GS-eGFP
3G124_lysfree_R124K+GS-eGFP,DP6_lysfree_R124K+GS-eGFP
3G124_lysfree_R134K+GS-eGFP,DP6_lysfree_R134K+GS-eGFP
3G124_lysfree_H137K+GS-eGFP,DP6_lysfree_H137K+GS-eGFP
acet-3G124_lysfree+GS-eGFP,acetDP6_lysfree+GS-eGFP
3G124+GS-eGFP+MG132,DP6+GS-eGFP+GS-eGFP_MG132
3G124_lysfree+GS-eGFP+MG132,DP6_lysfree+GS-eGFP_MG132
acet-3G124_lysfree+GS-eGFP+MG132,acetDP6_lysfree+GS-eGFP_MG132
3G124+GS-eGFP_E1inh_100nM,DP6+GS-eGFP_E1inh
3G124_lysfree+GS-eGFP_E1inh_100nM,DP6_lysfree+GS-eGFP_E1inh
3G190.24_lysfree+GS-eGFP,DP1_lysfree+GS-eGFP
2G71_lysfree+GS-eGFP,DP4_lysfree+GS-eGFP
3G124-ubox_C181A+GS-eGFP,DP6bioPROTAC_C181A+GS-eGFP
3G124-GSGS-ubox_C200A+GS-eGFP,DP6bioPROTAC_C200A+GS-eGFP
3G124-ubox_C181A_C200A+GS-eGFP,DP6bioPROTAC_C181A_C200A+GS-eGFP
3G124-GSGS-ubox_intTMR+GS-eGFP,DP6bioPROTAC**+GS-eGFP
3G124-GSGS-ubox_intTMR,DP6bioPROTAC**
3G124_lysfree_R6K-ubox_intTMR+GS-eGFP,DP6_lysfree_R6K_bioPROTAC*+GS-eGFP
3G124_lysfree_M7K-ubox_intTMR+GS-eGFP,DP6_lysfree_M7K_bioPROTAC*+GS-eGFP
3G124_lysfree_R58K-ubox_intTMR+GS-eGFP,DP6_lysfree_R58K_bioPROTAC*+GS-eGFP
3G124_lysfree_R91K-ubox_intTMR+GS-eGFP,DP6_lysfree_R91K_bioPROTAC*+GS-eGFP
3G124_lysfree_R124K-ubox_intTMR+GS-eGFP,DP6_lysfree_R124K_bioPROTAC*+GS-eGFP
3G124_lysfree_R134K-ubox_intTMR+GS-eGFP,DP6_lysfree_R134K_bioPROTAC*+GS-eGFP
3G124_lysfree_H137K-ubox_intTMR+GS-eGFP,DP6_lysfree_H137K_bioPROTAC*+GS-eGFP
3G124_lysfree_R6K-ubox_intTMR,DP6_lysfree_R6K_bioPROTAC*
3G124_lysfree_M7K-ubox_intTMR,DP6_lysfree_M7K_bioPROTAC*
3G124_lysfree_R58K-ubox_intTMR,DP6_lysfree_R58K_bioPROTAC*
3G124_lysfree_R91K-ubox_intTMR,DP6_lysfree_R91K_bioPROTAC*
3G124_lysfree_R124K-ubox_intTMR,DP6_lysfree_R124K_bioPROTAC*
3G124_lysfree_R134K-ubox_intTMR,DP6_lysfree_R134K_bioPROTAC*
3G124_lysfree_H137K-ubox_intTMR,DP6_lysfree_H137K_bioPROTAC*
GS-eGFP+MG132,GS-eGFP+MG132
3G190.24+GS-eGFP+MG132,DP1+GS-eGFP+MG132
3G86.32_sele+GS-eGFP+MG132,DP3+GS-eGFP+MG132
2G71+GS-eGFP+MG132,DP4+GS-eGFP+MG132
3G168_sele+GS-eGFP+MG132,DP5+GS-eGFP+MG132
3G124+GS-eGFP+MG132,DP6+GS-eGFP+MG132
3G146_sele+GS-eGFP+MG132,DP7+GS-eGFP+MG132
3G86.1_sele+GS-eGFP+MG132,DP8+GS-eGFP+MG132
3G61_sele+GS-eGFP+MG132,DP9+GS-eGFP+MG132
3G190_N33A+GS-eGFP,DP1N33A
3G190_V35D+GS-eGFP,DP1V35D
3G190_T66A+GS-eGFP,DP1T66A
3G190_T101N+GS-eGFP,DP1T101N
1192_3G61_L33A-G4S-G3-C-TMR,DP9_L33A*
3G61_E35D-G4S-G3-C-TMR,DP9_E35D*
3G61_W38V-G4S-G3-C-TMR,DP9_W38V*
3G61_W46Q-G4S-G3-C-TMR,DP9_W46Q*
3G61_N58Y-G4S-G3-C-TMR,DP9_N58Y*
1193_3G61_I67L-G4S-G3-C-TMR,DP9_I67L*
3G61_D68W-G4S-G3-C-TMR,DP9_D68W*
3G61_Y70Q-G4S-G3-C-TMR,DP9_Y70Q*
3G61_F78T-G4S-G3-C-TMR,DP9_F78T*
3G61_S79A-G4S-G3-C-TMR,DP9_S79A*
1194_3G61_Y91N-G4S-G3-C-TMR,DP9_Y91N*
1195_3G61_D98R-G4S-G3-C-TMR,DP9_D98R*
3G61_Q100N-G4S-G3-C-TMR,DP9_Q100N*
3G61_A101I-G4S-G3-C-TMR,DP9_A101I*
3G61_F103H-G4S-G3-C-TMR,DP9_F103H*
1196_3G61_I111W-G4S-G3-C-TMR,DP9_I111W*
3G61_F112A-G4S-G3-C-TMR,DP9_F112A*
1197_3G61_N124Y-G4S-G3-C-TMR,DP9_N124Y*
